{"stats":{"minecraft:picked_up":{"minecraft:stripped_oak_log":1,"minecraft:birch_log":49,"minecraft:crafting_table":11,"minecraft:iron_chestplate":9,"minecraft:birch_door":13,"minecraft:cooked_beef":3,"minecraft:splash_potion":6,"minecraft:clay_ball":4,"minecraft:andesite":99,"minecraft:leather":10,"minecraft:diamond_sword":6,"minecraft:birch_planks":469,"minecraft:tuff":10,"minecraft:oak_log":51,"minecraft:dirt":24,"minecraft:cornflower":6,"minecraft:blue_bed":3,"minecraft:leather_boots":5,"minecraft:iron_leggings":5,"minecraft:cooked_mutton":6,"minecraft:bone":12,"minecraft:apple":2,"minecraft:wheat_seeds":53,"minecraft:beef":103,"minecraft:stone_pickaxe":6,"minecraft:cooked_chicken":2,"minecraft:poppy":6,"minecraft:birch_sapling":6,"minecraft:furnace":1,"minecraft:egg":7,"minecraft:stick":5,"minecraft:end_stone":25,"minecraft:birch_boat":14,"minecraft:pumpkin":48,"minecraft:torch":15,"minecraft:porkchop":5,"minecraft:white_bed":6,"minecraft:dragon_egg":1,"minecraft:arrow":16,"minecraft:rotten_flesh":10,"minecraft:stone_axe":5,"minecraft:diamond_boots":6,"minecraft:iron_helmet":5,"minecraft:granite":30,"minecraft:birch_sign":18,"minecraft:emerald":15,"minecraft:bread":47,"minecraft:oak_sapling":13,"minecraft:black_wool":2,"minecraft:mutton":16,"minecraft:coal":4,"minecraft:snowball":48,"minecraft:white_wool":15,"minecraft:cobblestone":364,"minecraft:ender_pearl":7},"minecraft:used":{"minecraft:cooked_mutton":11,"minecraft:diamond_boots":1,"minecraft:birch_planks":49,"minecraft:stone_pickaxe":108,"minecraft:oak_planks":20,"minecraft:ender_pearl":1,"minecraft:wooden_pickaxe":59,"minecraft:birch_boat":1,"minecraft:blue_bed":1,"minecraft:cooked_chicken":1,"minecraft:dragon_egg":1,"minecraft:iron_chestplate":3,"minecraft:torch":2,"minecraft:dirt":7,"minecraft:mutton":1,"minecraft:crafting_table":7,"minecraft:birch_sign":3,"minecraft:white_bed":5,"minecraft:end_stone":8,"minecraft:snowball":9,"minecraft:birch_door":4,"minecraft:wooden_axe":93,"minecraft:apple":2,"minecraft:bread":6,"minecraft:iron_helmet":1,"minecraft:cobblestone":65,"minecraft:stone_axe":70,"minecraft:diamond_sword":51,"minecraft:porkchop":1,"minecraft:furnace":2,"minecraft:andesite":19,"minecraft:cooked_beef":3,"minecraft:egg":7,"minecraft:iron_leggings":3},"minecraft:custom":{"minecraft:interact_with_furnace":12,"minecraft:mob_kills":36,"minecraft:interact_with_crafting_table":17,"minecraft:bell_ring":1,"minecraft:leave_game":1,"minecraft:time_since_death":27237,"minecraft:sleep_in_bed":9,"minecraft:climb_one_cm":820,"minecraft:time_since_rest":6324,"minecraft:sprint_one_cm":365875,"minecraft:damage_taken":3036,"minecraft:walk_one_cm":346898,"minecraft:drop":19,"minecraft:damage_dealt":5645,"minecraft:swim_one_cm":9836,"minecraft:fly_one_cm":603529,"minecraft:open_chest":19,"minecraft:crouch_one_cm":56,"minecraft:play_time":139006,"minecraft:deaths":6,"minecraft:sneak_time":73,"minecraft:walk_under_water_one_cm":1666,"minecraft:boat_one_cm":85234,"minecraft:jump":2641,"minecraft:fall_one_cm":53215,"minecraft:walk_on_water_one_cm":12868,"minecraft:total_world_time":139006},"minecraft:crafted":{"minecraft:oak_planks":208,"minecraft:leather_boots":1,"minecraft:crafting_table":2,"minecraft:iron_helmet":1,"minecraft:cooked_chicken":1,"minecraft:wooden_pickaxe":1,"minecraft:furnace":1,"minecraft:birch_planks":168,"minecraft:stone_axe":1,"minecraft:cooked_mutton":11,"minecraft:iron_chestplate":1,"minecraft:stick":12,"minecraft:stone_pickaxe":1,"minecraft:wooden_axe":2,"minecraft:iron_leggings":1,"minecraft:white_bed":2,"minecraft:birch_door":3,"minecraft:stone_hoe":1,"minecraft:torch":4,"minecraft:birch_sign":3},"minecraft:mined":{"minecraft:tuff":5,"minecraft:white_bed":4,"minecraft:clay":2,"minecraft:end_stone":13,"minecraft:crafting_table":6,"minecraft:cornflower":1,"minecraft:granite":9,"minecraft:short_grass":94,"minecraft:grass_block":2,"minecraft:poppy":1,"minecraft:tall_grass":1,"minecraft:cobblestone":36,"minecraft:spruce_leaves":4,"minecraft:moss_block":1,"minecraft:blue_bed":1,"minecraft:birch_planks":25,"minecraft:furnace":1,"minecraft:birch_log":49,"minecraft:fire":18,"minecraft:birch_leaves":1,"minecraft:andesite":19,"minecraft:light_gray_wool":2,"minecraft:birch_door":3,"minecraft:pumpkin":8,"minecraft:oak_log":51,"minecraft:coal_ore":4,"minecraft:stripped_oak_log":1,"minecraft:dirt":5,"minecraft:cobweb":4,"minecraft:birch_sign":3,"minecraft:stone":79,"minecraft:oak_leaves":30,"minecraft:deepslate":1,"minecraft:fern":1},"minecraft:dropped":{"minecraft:wheat_seeds":14,"minecraft:cooked_chicken":1,"minecraft:rotten_flesh":2,"minecraft:clay_ball":4,"minecraft:leather":6,"minecraft:white_bed":3,"minecraft:birch_boat":1,"minecraft:stone_pickaxe":1,"minecraft:blue_bed":1},"minecraft:broken":{"minecraft:wooden_axe":2,"minecraft:wooden_pickaxe":1},"minecraft:killed":{"minecraft:pig":1,"minecraft:sheep":10,"minecraft:skeleton":3,"minecraft:zombie":3,"minecraft:enderman":8,"minecraft:cow":10},"minecraft:killed_by":{"minecraft:ender_dragon":5}},"DataVersion":3955}