{"stat.chestOpened":25,"stat.pickup.dynamictrees.acaciaseed":2,"stat.useItem.spartanweaponry.spear_iron":7,"stat.leaveGame":2,"stat.pickup.minecraft.iron_sword":1,"stat.pickup.duneons.lotscoins":10,"stat.useItem.minecraft.apple":3,"stat.mineBlock.duneons.coins":1,"stat.killEntity.pigchest":1,"stat.jump":646,"stat.swimOneCm":2628,"stat.fallOneCm":17828,"stat.climbOneCm":2007,"stat.pickup.minecraft.porkchop":2,"stat.useItem.drugz_mod.grape":8,"stat.useItem.minecraft.stone_slab2":9,"stat.pickup.minecraft.sand":3,"stat.damageTaken":803,"stat.pickup.minecraft.feather":5,"stat.pickup.minecraft.leather":2,"stat.pickup.minecraft.log2":5,"stat.flyOneCm":394165,"stat.killEntity.hippogryph":1,"stat.pickup.minecraft.wheat_seeds":1,"stat.useItem.duneons.diamondsworddungeon":14,"stat.damageDealt":4257,"stat.pickup.spartanweaponry.saber_iron":1,"stat.timeSinceDeath":16024,"stat.useItem.galacticraftplanets.rocket_t3":1,"stat.walkOneCm":36237,"stat.pickup.minecraft.stick":10,"stat.pickup.drugz_mod.cocaleaf":346,"stat.pickup.drugz_mod.tobaccoleaf":102,"stat.pickup.drugz_mod.grape":260,"stat.talkedToVillager":1,"stat.mineBlock.drugz_mod.tobacco":15,"stat.useItem.duneons.diamondpickaxedungeon":3,"stat.sprintOneCm":98132,"stat.craftItem.minecraft.planks":20,"stat.mineBlock.drugz_mod.cocaplant":21,"stat.waystones:waystonesActivated":2,"stat.mobKills":10,"stat.deaths":3,"stat.pickup.minecraft.diamond":1,"stat.playOneMinute":31534,"stat.sneakTime":209,"stat.mineBlock.hbm.ore_oil_sand":1,"stat.useItem.duneons.nightmarebite":18,"stat.killEntity.firedragon":1,"stat.diveOneCm":8354,"stat.mineBlock.duneons.standfortorch":2}