{"stats":{"minecraft:picked_up":{"minecraft:wooden_axe":1,"minecraft:crafting_table":4,"minecraft:splash_potion":3,"minecraft:chicken":2,"minecraft:smithing_table":1,"minecraft:diamond_sword":3,"minecraft:wooden_pickaxe":1,"minecraft:gold_block":12,"minecraft:music_disc_creator":1,"minecraft:shield":1,"minecraft:brick":12,"minecraft:string":5,"minecraft:raw_copper":6,"minecraft:flint_and_steel":2,"minecraft:netherite_ingot":8,"minecraft:cobbled_deepslate":10,"minecraft:netherite_sword":2,"minecraft:bucket":2,"minecraft:eye_armor_trim_smithing_template":1,"minecraft:beef":20,"minecraft:trial_key":1,"minecraft:ender_eye":39,"minecraft:netherite_upgrade_smithing_template":8,"minecraft:poppy":3,"minecraft:iron_pickaxe":1,"minecraft:sugar_cane":24,"minecraft:iron_boots":2,"minecraft:furnace":1,"minecraft:tipped_arrow":1,"minecraft:stick":8,"minecraft:raw_iron":23,"minecraft:end_stone":51,"minecraft:torch":12,"minecraft:porkchop":9,"minecraft:diorite":5,"minecraft:netherite_pickaxe":2,"minecraft:iron_horse_armor":1,"minecraft:arrow":22,"minecraft:rotten_flesh":11,"minecraft:diamond_boots":1,"minecraft:iron_block":1,"minecraft:saddle":1,"minecraft:netherite_chestplate":2,"minecraft:tuff_bricks":9,"minecraft:blaze_rod":2,"minecraft:obsidian":50,"minecraft:mutton":17,"minecraft:blaze_powder":36,"minecraft:snowball":16,"minecraft:white_wool":5,"minecraft:cobblestone":127,"minecraft:birch_log":21,"minecraft:netherite_boots":2,"minecraft:cooked_beef":5,"minecraft:iron_door":16,"minecraft:water_bucket":2,"minecraft:andesite":7,"minecraft:leather":32,"minecraft:birch_planks":56,"minecraft:waxed_copper_block":2,"minecraft:gunpowder":5,"minecraft:netherite_leggings":2,"minecraft:dirt":36,"minecraft:blue_bed":2,"minecraft:bone":40,"minecraft:apple":2,"minecraft:bow":1,"minecraft:wheat_seeds":3,"minecraft:iron_ingot":11,"minecraft:stone_pickaxe":1,"minecraft:cooked_chicken":2,"minecraft:mossy_stone_bricks":4,"minecraft:cooked_porkchop":2,"minecraft:birch_boat":5,"minecraft:oak_pressure_plate":2,"minecraft:white_bed":21,"minecraft:dead_bush":1,"minecraft:spider_eye":1,"minecraft:dragon_egg":1,"minecraft:snout_armor_trim_smithing_template":2,"minecraft:diamond":7,"minecraft:stone_axe":1,"minecraft:netherite_helmet":2,"minecraft:granite":48,"minecraft:iron_helmet":1,"minecraft:breeze_rod":8,"minecraft:diamond_axe":2,"minecraft:golden_apple":3,"minecraft:bread":3,"minecraft:emerald":24,"minecraft:oak_sapling":2,"minecraft:black_wool":1,"minecraft:coal":42,"minecraft:chiseled_tuff_bricks":1,"minecraft:ender_pearl":4,"minecraft:diamond_pickaxe":1},"minecraft:used":{"minecraft:netherite_sword":208,"minecraft:flint_and_steel":1,"minecraft:poppy":1,"minecraft:chest":2,"minecraft:shield":57,"minecraft:cooked_chicken":1,"minecraft:rotten_flesh":3,"minecraft:torch":10,"minecraft:dirt":1,"minecraft:snowball":81,"minecraft:obsidian":22,"minecraft:lava_bucket":1,"minecraft:bedrock":1,"minecraft:furnace":2,"minecraft:netherite_pickaxe":115,"minecraft:cooked_beef":4,"minecraft:cobbled_deepslate":5,"minecraft:water_bucket":35,"minecraft:birch_planks":3,"minecraft:stone_pickaxe":68,"minecraft:ender_pearl":2,"minecraft:wooden_pickaxe":9,"minecraft:birch_boat":6,"minecraft:diamond_axe":8,"minecraft:golden_apple":1,"minecraft:crafting_table":9,"minecraft:white_bed":15,"minecraft:diamond_pickaxe":26,"minecraft:ender_eye":36,"minecraft:black_wool":1,"minecraft:apple":2,"minecraft:ominous_trial_key":1,"minecraft:bread":4,"minecraft:iron_pickaxe":6,"minecraft:stone_axe":41,"minecraft:diamond_sword":62,"minecraft:cobblestone":36,"minecraft:smithing_table":1,"minecraft:cooked_porkchop":10,"minecraft:bucket":36},"minecraft:custom":{"minecraft:interact_with_smithing_table":5,"minecraft:mob_kills":81,"minecraft:interact_with_crafting_table":24,"minecraft:open_barrel":1,"minecraft:leave_game":1,"minecraft:time_since_death":25520,"minecraft:climb_one_cm":1572,"minecraft:sprint_one_cm":291094,"minecraft:walk_one_cm":190544,"minecraft:damage_blocked_by_shield":1034,"minecraft:drop":54,"minecraft:play_time":123597,"minecraft:deaths":3,"minecraft:sneak_time":1753,"minecraft:walk_under_water_one_cm":8851,"minecraft:boat_one_cm":91904,"minecraft:jump":1793,"minecraft:walk_on_water_one_cm":26756,"minecraft:total_world_time":123597,"minecraft:interact_with_furnace":29,"minecraft:sleep_in_bed":3,"minecraft:time_since_rest":26227,"minecraft:damage_taken":3168,"minecraft:damage_absorbed":40,"minecraft:damage_dealt":16233,"minecraft:swim_one_cm":10786,"minecraft:fly_one_cm":851882,"minecraft:open_chest":23,"minecraft:crouch_one_cm":2452,"minecraft:fall_one_cm":57306,"minecraft:inspect_dispenser":3},"minecraft:crafted":{"minecraft:blaze_powder":34,"minecraft:birch_boat":2,"minecraft:furnace":1,"minecraft:iron_boots":1,"minecraft:stone_pickaxe":1,"minecraft:chest":2,"minecraft:ender_eye":16,"minecraft:cooked_beef":7,"minecraft:diamond_sword":1,"minecraft:cooked_porkchop":9,"minecraft:diamond_axe":1,"minecraft:crafting_table":5,"minecraft:iron_helmet":1,"minecraft:wooden_pickaxe":1,"minecraft:smithing_table":1,"minecraft:bucket":1,"minecraft:birch_planks":84,"minecraft:stone_axe":1,"minecraft:air":0,"minecraft:iron_chestplate":1,"minecraft:diamond_pickaxe":1,"minecraft:shield":1,"minecraft:stick":24,"minecraft:iron_ingot":88,"minecraft:iron_pickaxe":1,"minecraft:wooden_axe":1,"minecraft:iron_leggings":1,"minecraft:torch":16},"minecraft:mined":{"minecraft:white_bed":6,"minecraft:deepslate_diamond_ore":6,"minecraft:end_stone":28,"minecraft:obsidian":1,"minecraft:granite":17,"minecraft:grass_block":7,"minecraft:decorated_pot":2,"minecraft:oak_pressure_plate":1,"minecraft:spruce_leaves":7,"minecraft:chiseled_tuff_bricks":1,"minecraft:tuff_bricks":6,"minecraft:furnace":1,"minecraft:iron_ore":16,"minecraft:fire":17,"minecraft:andesite":1,"minecraft:gold_block":12,"minecraft:stone":73,"minecraft:smithing_table":1,"minecraft:crafting_table":4,"minecraft:torch":1,"minecraft:short_grass":5,"minecraft:poppy":1,"minecraft:tall_grass":4,"minecraft:cobblestone":2,"minecraft:sugar_cane":2,"minecraft:diorite":5,"minecraft:iron_door":8,"minecraft:wall_torch":3,"minecraft:birch_log":21,"minecraft:birch_leaves":6,"minecraft:waxed_copper_block":1,"minecraft:coal_ore":24,"minecraft:dirt":3,"minecraft:cobweb":3,"minecraft:stone_bricks":2,"minecraft:oak_leaves":15,"minecraft:mossy_stone_bricks":4,"minecraft:deepslate":9},"minecraft:dropped":{"minecraft:iron_ingot":1,"minecraft:birch_planks":2,"minecraft:wheat_seeds":1,"minecraft:oak_pressure_plate":2,"minecraft:cooked_beef":8,"minecraft:granite":32,"minecraft:iron_horse_armor":1,"minecraft:saddle":1,"minecraft:stick":5,"minecraft:dirt":19,"minecraft:diorite":5,"minecraft:snowball":16,"minecraft:dead_bush":1,"minecraft:iron_leggings":1,"minecraft:string":4,"minecraft:blue_bed":1,"minecraft:stone_axe":1,"minecraft:tuff_bricks":3,"minecraft:sugar_cane":6,"minecraft:cooked_chicken":1,"minecraft:cobbled_deepslate":4,"minecraft:raw_copper":3,"minecraft:chicken":1,"minecraft:iron_boots":2,"minecraft:white_bed":1,"minecraft:diamond_sword":3,"minecraft:poppy":2,"minecraft:gunpowder":3,"minecraft:dragon_egg":1,"minecraft:iron_chestplate":1,"minecraft:mossy_stone_bricks":2,"minecraft:diamond_boots":2,"minecraft:arrow":9,"minecraft:stone_pickaxe":1,"minecraft:brick":8},"minecraft:killed":{"minecraft:spider":4,"minecraft:skeleton":6,"minecraft:horse":2,"minecraft:fox":1,"minecraft:chicken":3,"minecraft:piglin_brute":1,"minecraft:magma_cube":1,"minecraft:pig":4,"minecraft:zombie_villager":1,"minecraft:iron_golem":1,"minecraft:creeper":4,"minecraft:sheep":6,"minecraft:zombie":18,"minecraft:stray":5,"minecraft:breeze":2,"minecraft:wither_skeleton":2,"minecraft:cow":5,"minecraft:enderman":5,"minecraft:blaze":7},"minecraft:killed_by":{"minecraft:ender_dragon":1,"minecraft:zombie":1}},"DataVersion":3955}