{"stat.pickup.duneons.mudwithstones":1,"stat.leaveGame":2,"stat.jump":145,"stat.swimOneCm":191,"stat.pickup.minecraft.coal":30,"stat.climbOneCm":192,"stat.fallOneCm":5105,"stat.useItem.minecraft.stone_axe":6,"stat.useItem.minecraft.stone_slab2":3,"stat.craftingTableInteraction":4,"stat.craftItem.minecraft.furnace":1,"stat.craftItem.minecraft.stone_axe":1,"stat.damageTaken":140,"stat.pickup.minecraft.leather":5,"stat.craftItem.minecraft.stone_pickaxe":1,"stat.mineBlock.minecraft.furnace":1,"stat.useItem.minecraft.wooden_pickaxe":7,"stat.craftItem.minecraft.cooked_beef":9,"stat.pickup.minecraft.cobblestone":18,"stat.flyOneCm":18329,"stat.pickup.dynamictrees.spruceseed":2,"stat.useItem.minecraft.stone_pickaxe":44,"stat.useItem.minecraft.cooked_beef":1,"stat.damageDealt":450,"stat.timeSinceDeath":15711,"stat.killEntity.Cow":5,"stat.craftItem.minecraft.wooden_pickaxe":1,"stat.walkOneCm":31089,"stat.pickup.minecraft.stick":19,"stat.pickup.minecraft.crafting_table":2,"stat.craftItem.minecraft.crafting_table":1,"stat.furnaceInteraction":3,"stat.pickup.galacticraftcore.basic_block_core":14,"stat.pickup.drugz_mod.tobaccoleaf":72,"stat.mineBlock.minecraft.coal_ore":16,"stat.talkedToVillager":1,"stat.pickup.minecraft.log":16,"stat.mineBlock.drugz_mod.tobacco":11,"stat.mineBlock.galacticraftcore.basic_block_core":14,"stat.pickup.minecraft.beef":12,"stat.pickup.minecraft.furnace":1,"stat.craftItem.minecraft.stone_slab2":0,"stat.sprintOneCm":16211,"stat.craftItem.minecraft.stick":4,"stat.craftItem.minecraft.wooden_axe":1,"stat.pickup.minecraft.beetroot":10,"stat.craftItem.minecraft.planks":40,"stat.mineBlock.minecraft.crafting_table":2,"stat.waystones:waystonesActivated":1,"stat.mobKills":5,"stat.pickup.minecraft.beetroot_seeds":29,"stat.playOneMinute":15711,"stat.useItem.minecraft.beetroot_seeds":17,"stat.sneakTime":4,"stat.mineBlock.duneons.mudwithstones":1,"stat.useItem.minecraft.wooden_axe":7,"stat.mineBlock.minecraft.stone":18,"stat.mineBlock.minecraft.tallgrass":1,"stat.useItem.minecraft.beetroot":5}